Jc 1:2-3,
Jc 1:5-6,
Jc 1:6-7,
Jc 1:9,
Jc 1:10,
Jc 1:13,
Jc 1:16,
Jc 1:19,
Jc 1:19,
Jc 1:19,
Jc 1:21,
Jc 1:22,
Jc 1:22,
Jc 2:1-4,
Jc 2:5-7,
Jc 2:5-7,
Jc 2:5-7,
Jc 2:12,
Jc 2:12,
Jc 2:14-16,
Jc 2:14-16,
Jc 2:14-16,
Jc 2:20-22,
Jc 2:20-26,
Jc 3:1,
Jc 3:8-12,
Jc 3:8-12,
Jc 3:8-12,
Jc 3:13-14,
Jc 3:13-14,
Jc 3:14,
Jc 3:14,
Jc 4:1,
Jc 4:1,
Jc 4:1,
Jc 4:4,
Jc 4:5,
Jc 4:7,
Jc 4:7,
Jc 4:8,
Jc 4:8,
Jc 4:8,
Jc 4:9,
Jc 4:9,
Jc 4:9,
Jc 4:10,
Jc 4:11,
Jc 4:12,
Jc 4:14,
Jc 5:1,
Jc 5:7,
Jc 5:8,
Jc 5:9,
Jc 5:10,
Jc 5:12,
Jc 5:12,
Jc 5:12,
Jc 5:13,
Jc 5:13,
Jc 5:14,
Jc 5:14,
Jc 5:16,
Jc 5:16,
Jc 5:20,

