1 Thess 4:18,
1 Thess 5:6,
1 Thess 5:8,
1 Thess 5:11,
1 Thess 5:13,
1 Thess 5:27,
2 Thess 2:3,
2 Thess 2:15,
2 Thess 3:1-2,
2 Thess 3:13-14,
Heb 3:1,
Heb 3:12,
Heb 3:13,
Heb 4:1,
Heb 4:11,
Heb 4:14,
Heb 4:16,
Heb 6:1-3,
Heb 7:4,
Heb 10:22,
Heb 10:23,
Heb 10:24,
Heb 10:25,
Heb 10:32-33,
Heb 10:35,
Heb 12:1-2,
Heb 12:3,
Heb 12:12,
Heb 12:13,
Heb 12:14-16,
Heb 12:25,
Heb 12:28,

Heb 13:1,
Heb 13:2,
Heb 13:3,
Heb 13:4,
Heb 13:5-6,
Heb 13:7,
Heb 13:9,
Heb 13:13,
Heb 13:15,
Heb 13:17,
Heb 13:18,
Heb 13:24,
